City_ID,City,Lat,Lng,Max Temp(C),Humidity,Cloudiness,Wind Speed,Country,Date
0,weno,7.4515,151.8468,30.97,70,100,4.63,FM,1701663472
1,isafjordur,66.0755,-23.124,0.89,85,100,3.96,IS,1701663472
2,edinburgh of the seven seas,-37.0676,-12.3116,14.59,85,2,5.22,SH,1701663472
3,ariquemes,-9.9133,-63.0408,24.62,84,32,0.88,BR,1701663472
4,olonkinbyen,70.9221,-8.7187,0.2,85,36,6.03,SJ,1701663472
5,ilulissat,69.2167,-51.1,-5.99,73,75,2.57,GL,1701663472
6,atafu village,-8.5421,-172.5159,29.45,76,85,6.84,TK,1701663429
7,port mathurin,-19.6833,63.4167,25.8,80,27,7.86,MU,1701663472
8,stanley,54.868,-1.6985,1.14,96,75,2.57,GB,1701663196
9,serhetabat,35.2799,62.3438,12.89,28,0,1.77,TM,1701663473
10,port-aux-francais,-49.35,70.2167,3.92,72,8,14.96,TF,1701663340
11,adamstown,-25.066,-130.1015,22.37,85,100,5.47,PN,1701663473
12,hawaiian paradise park,19.5933,-154.9731,22.8,97,100,2.57,US,1701663473
13,lihue,21.9789,-159.3672,25.58,81,20,4.12,US,1701663473
14,bilibino,68.0546,166.4372,-22.89,99,100,1.35,RU,1701663473
15,coquimbo,-29.9533,-71.3436,13.85,94,0,2.06,CL,1701663474
16,gadzhiyevo,69.2551,33.3362,-5.99,96,100,2.11,RU,1701663474
17,blackmans bay,-43.0167,147.3167,22.07,50,100,1.79,AU,1701663474
18,tanumah,27.1,44.1333,15.95,47,26,2.7,SA,1701663474
19,inhambane,-23.865,35.3833,23.99,69,40,2.57,MZ,1701663474
20,magadan,59.5667,150.8,-28.04,90,72,4.89,RU,1701663475
21,taoudenni,22.6783,-3.9836,21.96,39,0,3.69,ML,1701663475
22,aasiaat,68.7098,-52.8699,-10.31,82,100,1.67,GL,1701663475
23,ushuaia,-54.8,-68.3,7.81,76,40,12.86,AR,1701663475
24,georgetown,5.4112,100.3354,31.96,66,20,2.06,MY,1701663475
25,khovd,48.0056,91.6419,1.77,46,62,9.33,MN,1701663475
26,punta arenas,-53.15,-70.9167,8.06,81,40,10.29,CL,1701663389
27,sawakin,19.1059,37.3321,26.54,76,9,2.11,SD,1701663476
28,kodiak,57.79,-152.4072,2.73,75,100,6.69,US,1701663476
29,bethel,41.3712,-73.414,7.34,89,100,1.54,US,1701663391
30,barra de santo antonio,-9.4047,-35.5072,25.6,90,11,4.81,BR,1701663476
31,pontian kechil,1.4866,103.3896,31.81,84,90,1.85,MY,1701663476
32,puerto san jose,13.9256,-90.8244,25.91,78,3,0.62,GT,1701663476
33,udachny,66.4167,112.4,-37.53,73,88,1.58,RU,1701663477
34,remire-montjoly,4.9167,-52.2667,25.02,94,0,0.0,GF,1701663477
35,longyearbyen,78.2186,15.6401,-8.09,73,75,5.66,SJ,1701663477
36,wanning,18.8003,110.3967,25.3,84,87,4.29,CN,1701663477
37,sisimiut,66.9395,-53.6735,-6.16,79,100,2.04,GL,1701663477
38,saint-philippe,-21.3585,55.7679,25.77,65,34,1.15,RE,1701663477
39,avarua,-21.2078,-159.775,26.03,61,20,4.12,CK,1701663327
40,papatowai,-46.5619,169.4708,12.08,54,19,6.01,NZ,1701663478
41,bredasdorp,-34.5322,20.0403,16.51,70,39,2.72,ZA,1701663478
42,west island,-12.1568,96.8225,28.99,65,40,6.69,CC,1701663478
43,hermanus,-34.4187,19.2345,16.98,73,77,2.69,ZA,1701663478
44,port elizabeth,-33.918,25.5701,17.95,79,0,4.12,ZA,1701663421
45,newman,37.3138,-121.0208,12.81,81,100,0.45,US,1701663478
46,nelson bay,-32.7167,152.15,24.49,61,23,2.68,AU,1701663478
47,palikir - national government center,6.9248,158.1611,30.41,70,75,3.09,FM,1701663479
48,carnarvon,-24.8667,113.6333,28.46,54,2,7.78,AU,1701663479
49,polyarnyy,69.1989,33.4478,-5.51,95,100,2.03,RU,1701663479
50,hassi messaoud,31.6804,6.0729,9.92,76,0,2.06,DZ,1701663479
51,tazovsky,67.4667,78.7,-30.25,93,21,4.41,RU,1701663479
52,grytviken,-54.2811,-36.5092,1.01,73,5,2.86,GS,1701663480
53,novyy urgal,51.0736,132.5642,-9.39,92,100,1.19,RU,1701663480
54,waitangi,-43.9535,-176.5597,14.34,71,100,1.34,NZ,1701663480
55,nar'yan-mar,67.6713,53.087,-15.9,95,95,5.14,RU,1701663480
56,port alfred,-33.5906,26.891,16.21,94,100,2.37,ZA,1701663480
57,klyuchi,52.2667,79.1667,-8.34,73,100,8.22,RU,1701663480
58,cidreira,-30.1811,-50.2056,20.77,96,100,5.77,BR,1701663481
59,kenora,49.8167,-94.4337,0.54,86,100,5.14,CA,1701663481
60,dunedin,-45.8742,170.5036,13.22,57,9,2.68,NZ,1701663481
61,luderitz,-26.6481,15.1594,15.49,74,0,8.48,NA,1701663481
62,havre,49.5833,0.3333,4.22,87,100,8.75,FR,1701663481
63,praia da vitoria,38.7333,-27.0667,13.2,87,75,3.06,PT,1701663481
64,borogontsy,62.6683,131.1683,-40.34,99,97,1.21,RU,1701663482
65,akureyri,65.6835,-18.0878,-6.04,93,40,1.03,IS,1701663482
66,comilla,23.4578,91.2044,25.02,67,85,2.99,BD,1701663482
67,oranjemund,-28.55,16.4333,15.2,92,9,5.17,NA,1701663482
68,queenstown,-31.8976,26.8753,15.75,89,90,1.5,ZA,1701663483
69,takedamachi,32.9667,131.4,12.65,31,26,0.52,JP,1701663483
70,vadso,70.0744,29.7487,-3.91,93,75,4.12,NO,1701663483
71,wuwei,37.9281,102.6414,8.34,17,0,1.21,CN,1701663483
72,forster,-32.1667,152.5167,23.54,69,62,4.8,AU,1701663483
73,tucuma,-0.1833,-50.05,26.03,83,77,2.83,BR,1701663392
74,fale old settlement,-9.3852,-171.2468,29.48,74,100,6.87,TK,1701663484
75,puerto ayora,-0.7393,-90.3518,24.19,93,82,1.79,EC,1701663408
76,amga,60.8953,131.9608,-39.17,97,85,0.53,RU,1701663484
77,invercargill,-46.4,168.35,12.31,50,11,4.2,NZ,1701663484
78,haiku-pauwela,20.9219,-156.3051,24.47,78,40,4.12,US,1701663484
79,port lincoln,-34.7333,135.8667,23.59,54,9,7.05,AU,1701663484
80,ekibastuz,51.6667,75.3667,-9.22,68,100,8.51,KZ,1701663485
81,mata-utu,-13.2816,-176.1745,28.77,77,98,6.87,WF,1701663416
82,quelimane,-17.8786,36.8883,19.97,100,20,1.54,MZ,1701663485
83,puerto natales,-51.7236,-72.4875,6.03,88,83,3.51,CL,1701663485
84,arno,60.1167,18.6333,-1.79,96,99,5.27,SE,1701663486
85,lilongwe,-13.9669,33.7873,19.85,53,1,0.8,MW,1701663486
86,monrovia,6.3005,-10.7969,24.87,82,83,1.96,LR,1701663486
87,yellowknife,62.456,-114.3525,-18.71,84,100,5.14,CA,1701663486
88,cururupu,-1.8283,-44.8683,24.87,87,99,0.81,BR,1701663486
89,merei,45.1333,26.6833,1.19,78,100,2.43,RO,1701663487
90,ola,59.5833,151.2833,-27.7,87,64,4.05,RU,1701663487
91,saipan,15.1355,145.701,29.39,70,0,7.2,MP,1701663487
92,colonia,50.9333,6.95,0.97,73,0,5.14,DE,1701663202
93,hasaki,35.7333,140.8333,16.27,42,1,3.27,JP,1701663487
94,dire dawa,9.5931,41.8661,17.45,51,56,1.26,ET,1701663487
95,chunghwa,38.8639,125.8,4.04,60,100,3.95,KP,1701663488
96,mugia,43.1041,-9.2179,13.42,77,25,11.31,ES,1701663488
97,nagqu,31.5,92.0,-7.79,25,100,1.31,CN,1701663287
98,kailua-kona,19.6406,-155.9956,26.98,84,75,2.06,US,1701663488
99,kingston,17.997,-76.7936,26.53,88,20,3.09,JM,1701663488
100,isaka,-3.9,32.9333,18.85,93,100,1.03,TZ,1701663488
101,al wajh,26.2455,36.4525,21.97,68,0,3.09,SA,1701663489
102,riachao do jacuipe,-11.8069,-39.3856,22.38,89,2,1.82,BR,1701663294
103,fort bragg,35.139,-79.006,17.91,76,0,2.57,US,1701663489
104,ribeira grande,38.5167,-28.7,13.21,71,26,2.68,PT,1701663489
105,crane,31.3974,-102.3501,12.4,32,0,4.39,US,1701663489
106,nadym,65.5333,72.5167,-27.79,100,100,4.11,RU,1701663489
107,urengoy,65.9667,78.3667,-31.52,94,14,4.15,RU,1701663490
108,rio grande,-32.035,-52.0986,19.41,74,100,9.14,BR,1701663490
109,al ghayzah,16.2079,52.176,24.16,59,13,2.48,YE,1701663490
110,saudarkrokur,65.7461,-19.6394,-3.87,77,93,3.26,IS,1701663490
111,cabo san lucas,22.8909,-109.9124,23.62,63,0,2.73,MX,1701663490
112,inarajan village,13.2736,144.7484,31.54,82,49,8.49,GU,1701663491
113,rehoboth,-23.3167,17.0833,22.87,56,93,1.16,NA,1701663491
114,samraong,12.4526,105.5873,31.87,50,80,3.89,KH,1701663491
115,marka,1.7159,44.7717,26.65,83,53,6.41,SO,1701663491
116,garbahaarrey,3.3289,42.2209,25.1,66,33,2.98,SO,1701663491
117,albany,42.6001,-73.9662,5.36,93,100,0.89,US,1701663492
118,puerto aysen,-45.4,-72.7,6.88,99,99,1.3,CL,1701663492
119,princeville,45.7668,-61.2985,1.62,94,100,3.09,CA,1701663492
120,marsa alam,25.0757,34.8918,22.85,66,39,1.91,EG,1701663492
121,st. john's,47.5649,-52.7093,0.54,80,75,1.54,CA,1701663492
122,margaret river,-33.95,115.0667,19.57,61,100,4.82,AU,1701663492
123,arroyito,-31.4202,-63.05,16.73,41,100,4.7,AR,1701663493
124,betio village,1.358,172.9211,31.02,76,28,6.86,KI,1701663493
125,palazzolo acreide,37.0623,14.9035,7.02,83,0,1.26,IT,1701663493
126,volksrust,-27.3654,29.8818,15.33,69,4,1.01,ZA,1701663493
127,vorgashor,67.5833,63.95,-27.73,95,92,2.05,RU,1701663494
128,walvis bay,-22.9575,14.5053,16.16,85,95,3.71,NA,1701663494
129,hobyo,5.3505,48.5268,26.39,71,32,9.77,SO,1701663494
130,tiksi,71.6872,128.8694,-29.57,99,100,3.35,RU,1701663494
131,kapoeta,4.7717,33.5903,26.26,46,39,4.39,SS,1701663494
132,ternate,0.8,127.4,29.57,69,77,3.27,ID,1701663495
133,wailua homesteads,22.0669,-159.378,25.24,85,20,4.12,US,1701663495
134,yukhnov,54.7444,35.2297,-8.68,94,99,4.03,RU,1701663320
135,tura,25.5198,90.2201,24.62,48,82,0.53,IN,1701663495
136,mwinilunga,-11.7358,24.4293,16.8,99,100,1.43,ZM,1701663495
137,muang xay,20.7,101.9833,27.04,59,64,0.3,LA,1701663495
138,cidade velha,14.9167,-23.6167,24.26,78,20,7.2,CV,1701663496
139,bengkulu,-3.8004,102.2655,24.92,88,100,0.7,ID,1701663496
140,katsuren-haebaru,26.3369,127.8719,21.43,95,100,7.72,JP,1701663496
141,iqaluit,63.7506,-68.5145,-13.15,72,100,5.14,CA,1701663496
142,kijang,35.2442,129.2139,10.85,35,1,3.59,KR,1701663496
143,saint-pierre,-21.3393,55.4781,26.43,50,7,2.57,RE,1701663497
144,daru,-9.0763,143.2092,28.69,76,100,4.65,PG,1701663497
145,uturoa,-16.7333,-151.4333,27.36,80,60,9.82,PF,1701663497
146,buique,-8.6231,-37.1558,20.02,88,12,2.8,BR,1701663497
147,ancud,-41.8697,-73.8203,6.77,88,0,2.55,CL,1701663497
148,suonenjoki,62.6167,27.1333,-14.58,98,97,0.76,FI,1701663498
149,waverly,42.7392,-84.6208,3.41,97,100,3.09,US,1701663498
150,taco pozo,-25.6167,-63.2833,13.85,93,100,6.34,AR,1701663498
151,khost,33.3395,69.9204,13.41,28,0,2.28,AF,1701663498
152,amboasary,-25.0333,46.3833,22.82,64,0,2.54,MG,1701663498
153,college,64.8569,-147.8028,-19.19,75,20,0.0,US,1701663498
154,kogalym,62.2654,74.4791,-28.66,93,6,4.64,RU,1701663499
155,sao jose da coroa grande,-8.8978,-35.1478,25.41,87,13,3.95,BR,1701663499
156,jindabyne,-36.4167,148.6333,23.9,38,33,1.5,AU,1701663499
157,calabozo,8.9242,-67.4293,27.94,60,72,3.53,VE,1701663499
158,arkhangel'sk,64.5401,40.5433,-15.94,91,100,0.0,RU,1701663499
159,toliara,-23.35,43.6667,25.19,49,0,2.49,MG,1701663500
160,coahuayana de hidalgo,18.7,-103.6583,25.1,74,99,1.6,MX,1701663500
161,labrador city,52.9463,-66.9114,-15.05,85,100,1.03,CA,1701663500
162,khandyga,62.6667,135.6,-44.52,99,79,0.49,RU,1701663500
163,vernon,50.2581,-119.2691,2.2,90,99,3.6,CA,1701663500
164,menongue,-14.6585,17.691,17.48,97,100,2.76,AO,1701663501
165,eureka,40.8021,-124.1637,14.96,86,100,2.68,US,1701663501
166,labytnangi,66.6572,66.4183,-32.46,98,91,0.95,RU,1701663501
167,kapuskasing,49.4169,-82.4331,-10.95,85,0,3.09,CA,1701663501
168,bella union,-30.2752,-57.6007,17.12,90,100,8.06,UY,1701663502
169,carutapera,-1.195,-46.02,26.08,86,99,2.42,BR,1701663502
170,narvik,68.4384,17.4272,-8.19,93,80,1.59,NO,1701663502
171,xinzhou,38.4092,112.7333,6.53,19,49,0.79,CN,1701663502
172,kremnica,48.7052,18.9183,-12.61,98,70,0.89,SK,1701663502
173,lazaro cardenas,17.9583,-102.2,25.08,82,100,1.56,MX,1701663502
174,tolbazy,54.0241,55.8825,-1.91,92,100,8.87,RU,1701663503
175,piti village,13.4626,144.6933,31.49,70,40,8.23,GU,1701663503
176,hadibu,12.65,54.0333,25.98,59,100,7.38,YE,1701663503
177,sitka,57.0531,-135.33,7.94,76,100,4.63,US,1701663503
178,afaahiti,-17.75,-149.2833,28.93,83,100,10.95,PF,1701663503
179,sittwe,20.15,92.9,27.94,67,77,0.92,MM,1701663503
180,quillota,-32.8833,-71.2667,10.01,65,0,0.46,CL,1701663504
181,pulheim,51.0,6.8,0.91,77,100,0.45,DE,1701663504
182,san luis de la loma,17.2706,-100.8939,25.51,84,73,1.55,MX,1701663504
183,bathsheba,13.2167,-59.5167,27.34,78,20,5.66,BB,1701663504
184,fortuna,40.5982,-124.1573,14.81,92,100,6.69,US,1701663504
185,jamestown,42.097,-79.2353,5.77,96,100,8.23,US,1701663504
186,kotlas,61.2611,46.6556,-15.53,98,100,0.89,RU,1701663505
187,glace bay,46.1969,-59.957,2.31,79,75,3.09,CA,1701663505
188,sironko,1.2313,34.2477,18.67,73,96,1.48,UG,1701663505
189,punta umbria,37.1821,-6.9661,15.74,82,100,5.09,ES,1701663505
190,yelizovo,53.1873,158.3805,-3.92,42,40,2.0,RU,1701663505
191,selfoss,63.9331,-20.9971,-2.3,58,100,3.6,IS,1701663506
192,codrington,-38.2667,141.9667,27.22,31,87,6.54,AU,1701663506
193,severnoye,56.3491,78.3619,-21.68,88,7,4.47,RU,1701663506
194,bechar,31.6167,-2.2167,6.18,52,0,1.54,DZ,1701663506
195,el abiodh sidi cheikh,32.893,0.5484,4.69,36,32,1.9,DZ,1701663506
196,quixada,-4.9714,-39.0153,24.69,80,36,2.63,BR,1701663506
197,lompoc,34.6391,-120.4579,15.47,89,0,6.69,US,1701663507
198,bardai,11.65,7.2333,19.21,26,96,2.26,NG,1701663507
199,anadyr,64.75,177.4833,-19.72,76,20,5.0,RU,1701663507
200,hithadhoo,-0.6,73.0833,28.02,76,100,3.08,MV,1701663507
201,thompson,55.7435,-97.8558,-5.91,93,100,1.54,CA,1701663507
202,dudinka,69.4058,86.1778,-34.62,96,16,2.68,RU,1701663507
203,margate,51.3813,1.3862,5.94,73,100,1.79,GB,1701663507
204,ayr,55.4627,-4.6339,2.4,93,75,4.12,GB,1701663508
205,tofol,5.3248,163.0078,28.88,74,75,5.66,FM,1701663508
206,san antonio de pale,-1.4014,5.6325,26.33,84,56,3.17,GQ,1701663508
207,mount gambier,-37.8333,140.7667,27.49,26,50,5.35,AU,1701663508
208,akdepe,42.0551,59.3788,3.05,68,12,4.51,TM,1701663508
209,al jawf,29.5,38.75,15.75,50,65,3.95,SA,1701663508
210,abadan,30.3392,48.3043,8.97,87,0,1.03,IR,1701663508
211,whitehorse,60.7161,-135.0538,-12.21,92,75,2.06,CA,1701663478
212,celestun,20.8667,-90.4,25.28,88,90,3.73,MX,1701663509
213,berdigestyakh,62.0989,126.6992,-40.29,98,72,0.98,RU,1701663509
214,santa barbara,34.7333,-120.0343,12.41,64,0,2.57,US,1701663304
215,mammoth lakes,37.6485,-118.9721,5.19,36,0,1.34,US,1701663324
216,hamilton,39.1834,-84.5333,6.97,75,75,5.81,US,1701663024
217,almazan,41.4865,-2.5309,3.77,89,100,7.8,ES,1701663509
218,tarawa,1.419,172.984,31.05,70,20,4.12,KI,1701663510
219,dingwall,57.5953,-4.4272,1.15,96,86,2.02,GB,1701663510
220,yeniseysk,58.4497,92.1703,-8.09,89,100,5.73,RU,1701663510
221,freilassing,47.85,12.9833,-5.95,79,78,5.66,DE,1701663510
222,saint-joseph,-21.3667,55.6167,25.82,63,19,0.65,RE,1701663510
223,altai,46.3722,96.2583,-1.78,49,51,13.01,MN,1701663510
224,thinadhoo,0.5333,72.9333,27.92,77,100,2.99,MV,1701663511
225,tarfaya,27.9358,-12.9218,18.15,76,4,4.67,MA,1701663511
226,mont-tremblant,46.1949,-74.6264,-2.23,100,100,2.06,CA,1701663511
227,qaqortoq,60.7167,-46.0333,-3.68,73,100,4.26,GL,1701663511
228,cartagena,10.3997,-75.5144,26.79,89,0,2.06,CO,1701663498
229,fuling,29.7022,107.3919,15.6,69,71,1.69,CN,1701663511
230,defuniak springs,30.721,-86.1152,15.77,100,0,1.54,US,1701663512
231,tongliao,43.6125,122.2653,-0.57,71,7,2.81,CN,1701663512
232,porto novo,6.4965,2.6036,27.9,92,62,1.4,BJ,1701663512
233,yamada,39.4667,141.95,9.07,59,11,2.16,JP,1701663512
234,santa ana,33.7456,-117.8678,16.17,78,0,0.0,US,1701663229
235,port macquarie,-31.4333,152.9167,23.83,65,65,5.23,AU,1701663512
236,sur,22.5667,59.5289,26.02,51,42,6.22,OM,1701663513
237,bayanaul,50.7889,75.6956,-8.02,71,100,8.12,KZ,1701663513
238,gamboula,4.1178,15.1393,20.31,96,98,0.69,CF,1701663513
239,saynshand,44.8824,110.1163,-5.06,71,3,3.26,MN,1701663513
240,patnos,39.2336,42.8634,1.34,56,36,1.11,TR,1701663513
241,mawu,29.5923,107.3139,13.77,70,75,1.69,CN,1701663513
242,lata,40.1629,-8.3327,12.12,95,99,1.58,PT,1701663514
243,portovelo,-3.7167,-79.6167,21.71,91,95,0.34,EC,1701663514
244,santana,-0.0583,-51.1817,28.1,78,0,3.09,BR,1701663514
245,mogoditshane,-24.6269,25.8656,21.86,37,0,4.63,BW,1701663514
246,alvorada,-12.48,-49.1247,22.2,92,100,0.65,BR,1701663514
247,vyksa,55.3175,42.1744,-5.55,94,100,5.0,RU,1701663515
248,laminusa,5.5549,120.9136,28.6,74,75,4.01,PH,1701663515
249,rocha,-34.4833,-54.3333,14.26,47,92,4.41,UY,1701663326
250,manzini,-26.25,31.5,18.62,79,28,0.44,SZ,1701663515
251,lagunas,-5.2269,-75.6753,23.86,88,96,0.94,PE,1701663515
252,bulanash,57.2783,61.9965,-15.04,94,100,2.87,RU,1701663515
253,arraial do cabo,-22.9661,-42.0278,23.82,93,100,8.91,BR,1701663516
254,kirchdorf am inn,48.25,12.9833,-13.99,100,93,1.51,DE,1701663516
255,novodvinsk,64.4165,40.8122,-16.14,99,89,1.1,RU,1701663516
256,arti,56.4234,58.5328,-9.28,91,100,4.82,RU,1701663516
257,shahrak,34.1074,64.3052,2.3,33,0,1.71,AF,1701663516
258,sinop,41.7711,34.8709,10.75,62,100,2.14,TR,1701663516
259,pontianak,-0.0333,109.3333,30.99,66,75,0.0,ID,1701663516
260,taro,-8.3862,115.28,25.0,65,94,1.92,ID,1701663517
261,north side,19.35,-81.2,27.78,82,61,5.23,KY,1701663517
262,laramie,41.3114,-105.5911,1.21,69,100,7.2,US,1701663274
263,petropavlovsk-kamchatsky,53.0452,158.6483,-4.67,76,40,3.58,RU,1701663517
264,swakopmund,-22.6833,14.5333,16.1,86,93,1.79,NA,1701663517
265,cahors,44.4167,1.3333,3.96,76,100,4.17,FR,1701663517
266,necochea,-38.5473,-58.7368,9.2,67,0,2.55,AR,1701663518
267,flying fish cove,-10.4217,105.6791,27.82,74,100,5.66,CX,1701663518
268,luena,-11.7833,19.9167,17.11,97,100,2.46,AO,1701663518
269,touros,-5.1989,-35.4608,26.13,81,100,4.92,BR,1701663518
270,trairi,-3.2778,-39.2689,26.0,78,31,3.25,BR,1701663518
271,senanga,-16.1167,23.2667,21.24,69,65,2.33,ZM,1701663519
272,tamarin,-20.3256,57.3706,26.96,73,86,3.38,MU,1701663519
273,tres arroyos,-38.3739,-60.2798,5.99,76,0,1.35,AR,1701663519
274,vilyuchinsk,52.9306,158.4028,-3.85,72,29,3.55,RU,1701663519
275,ghanzi,-21.5667,21.7833,23.57,19,91,5.06,BW,1701663519
276,san pedro pochutla,15.7333,-96.4667,25.84,77,22,1.42,MX,1701663519
277,gur'yevsk,54.2833,85.9333,-7.05,88,100,8.37,RU,1701663520
278,porto seguro,-16.4497,-39.0647,25.29,88,75,2.57,BR,1701663520
279,lebu,-37.6167,-73.65,11.19,81,0,9.45,CL,1701663408
280,chu,43.5983,73.7614,8.42,66,100,1.04,KZ,1701663520
281,las khorey,11.1595,48.1967,24.77,62,100,3.76,SO,1701663520
282,pomona,34.0553,-117.7523,16.24,62,0,2.57,US,1701663518
283,danville,36.586,-79.395,13.36,69,0,1.54,US,1701663521
284,ninotsminda,41.2646,43.5916,-1.07,66,95,3.1,GE,1701663521
285,santa terezinha,-29.9002,-50.0904,20.92,96,100,3.93,BR,1701663521
286,yefremov,53.1481,38.0992,-10.48,93,100,6.16,RU,1701663521
287,gore,-46.1028,168.9436,14.89,38,3,3.83,NZ,1701663521
288,kerikeri,-35.2268,173.9474,23.28,91,100,1.94,NZ,1701663457
289,yatou,37.15,122.3833,11.52,51,11,7.64,CN,1701663521
290,palmas,-10.2128,-48.3603,23.93,88,75,2.57,BR,1701663521
291,la'ie,21.6477,-157.9253,26.98,82,21,2.68,US,1701663522
292,ust-nera,64.5667,143.2,-38.83,98,100,2.0,RU,1701663522
293,pamukkale,37.9164,29.1173,11.13,86,3,1.58,TR,1701663522
294,yuzhno-kurilsk,44.0306,145.8556,4.1,68,46,5.09,RU,1701663522
295,padang,-0.9492,100.3543,28.03,78,98,0.91,ID,1701663448
296,waingapu,-9.6567,120.2641,30.51,68,47,4.21,ID,1701663522
297,thal,35.4791,72.2439,5.04,42,0,2.9,PK,1701663523
298,suoyarvi,62.0833,32.35,-15.97,99,87,1.39,RU,1701663523
299,keflavik,64.0049,-22.5624,1.24,75,0,5.66,IS,1701663523
300,talnakh,69.4865,88.3972,-34.25,85,12,0.81,RU,1701663523
301,alaghsas,17.0187,8.0168,17.94,19,93,2.06,NE,1701663523
302,rudbar,30.15,62.6,15.94,26,0,0.62,AF,1701663523
303,labinsk,44.6342,40.7356,10.53,68,98,0.27,RU,1701663523
304,san justo,-30.7891,-60.5919,16.1,76,100,4.47,AR,1701663523
305,kyshtovka,56.555,76.6271,-22.03,89,7,4.02,RU,1701663524
306,tralee,52.2704,-9.7026,1.46,90,34,4.16,IE,1701663524
307,humaita,-7.5061,-63.0208,24.08,88,71,1.83,BR,1701663524
308,nyandoma,61.669,40.1991,-13.99,98,100,1.57,RU,1701663524
309,ust'-barguzin,53.45,108.9833,-7.18,83,100,2.68,RU,1701663524
310,pyay,18.8167,95.2167,28.16,57,91,3.25,MM,1701663524
311,catemaco,18.4167,-95.1167,21.16,95,96,3.42,MX,1701663524
312,kralendijk,12.15,-68.2667,27.99,78,20,6.17,BQ,1701663371
313,salalah,17.0151,54.0924,26.05,47,0,5.14,OM,1701663525
314,parkes,-33.1333,148.1833,28.09,25,0,3.51,AU,1701663525
315,hami,42.8,93.45,3.23,31,3,2.78,CN,1701663525
316,banda aceh,5.5577,95.3222,28.64,70,90,0.96,ID,1701663525
317,brak,27.5496,14.2714,13.07,83,1,5.85,LY,1701663525
318,onguday,50.75,86.15,-2.37,52,96,4.34,RU,1701663525
319,nemuro,43.3236,145.575,4.49,65,51,3.77,JP,1701663525
320,draguseni,45.9667,27.75,-1.06,69,99,2.24,RO,1701663525
321,badger,64.8,-147.5333,-19.24,74,40,0.0,US,1701663491
322,inderbor,48.55,51.7833,7.37,84,100,5.93,KZ,1701663526
323,quatre cocos,-20.2078,57.7625,26.72,74,94,4.5,MU,1701663526
324,port moresby,-9.4431,147.1797,29.29,69,46,4.96,PG,1701663439
325,phek,25.6667,94.5,16.94,54,97,0.37,IN,1701663526
326,moron,-34.6534,-58.6198,17.86,76,53,5.81,AR,1701663526
327,naze,28.3667,129.4833,17.51,79,100,5.01,JP,1701663526
328,sakleshpur,12.9667,75.7833,22.04,78,99,4.36,IN,1701663527
329,marquette,46.5333,-87.6335,-0.37,74,100,1.34,US,1701663527
330,east ballina,-28.8667,153.5833,26.56,72,51,6.17,AU,1701663527
331,antsiranana,-12.2787,49.2917,26.76,70,69,7.2,MG,1701663527
332,mizque,-17.941,-65.3402,18.13,79,98,1.75,BO,1701663527
333,caraballeda,10.6112,-66.8522,27.14,79,20,0.0,VE,1701663527
334,kuta,-8.7233,115.1723,28.97,83,20,2.24,ID,1701663527
335,constantia,44.1833,28.65,1.5,63,100,6.2,RO,1701663341
336,deqen,29.9618,90.7188,2.89,13,82,2.08,CN,1701663528
337,egilsstadir,65.2653,-14.3948,-5.05,93,100,1.03,IS,1701663528
338,santa cruz,-17.8,-63.1667,23.7,88,98,3.09,BO,1701663528
339,malango,-2.9627,119.9001,27.16,73,64,1.03,ID,1701663528
340,shizunai-furukawacho,42.3339,142.3669,5.48,63,71,3.56,JP,1701663528
341,chihuahua,28.5,-106.0,7.33,31,0,0.68,MX,1701663528
342,bibir hat,22.6873,91.7853,26.95,57,93,1.9,BD,1701663528
343,pisco,-13.7,-76.2167,19.45,82,0,4.63,PE,1701663529
344,papao,-17.75,-149.55,29.82,83,99,11.42,PF,1701663529
345,ra-ngae,6.2968,101.7284,28.93,76,65,1.39,TH,1701663529
346,yacimiento rio turbio,-51.5732,-72.3508,1.2,95,78,2.96,AR,1701663529
347,kill devil hills,36.0307,-75.676,18.01,94,0,2.57,US,1701663529
348,callao,-12.0667,-77.15,20.95,77,75,4.12,PE,1701663529
349,bandon,51.7469,-8.7425,1.77,86,78,9.1,IE,1701663481
350,kozan,37.4552,35.8157,13.86,50,100,2.86,TR,1701663530
351,enewetak,11.3474,162.3373,27.67,78,97,9.55,MH,1701663530
352,fort mcmurray,56.7268,-111.381,-9.23,92,0,3.09,CA,1701663530
353,ribeira brava,32.65,-17.0667,20.56,78,95,3.07,PT,1701663530
354,shitanjing,39.2342,106.3439,5.0,24,7,4.78,CN,1701663530
355,holualoa,19.6228,-155.9522,24.91,84,75,2.06,US,1701663530
356,morant bay,17.8815,-76.4093,26.79,80,56,3.93,JM,1701663530
357,tanout,14.9709,8.8879,20.18,17,59,4.68,NE,1701663531
358,nema,57.5067,50.5011,-9.22,94,100,5.06,RU,1701663531
359,bloemfontein,-29.1211,26.214,15.71,67,0,0.0,ZA,1701663531
360,imbituba,-28.24,-48.6703,25.48,97,100,4.44,BR,1701663531
361,naigarhi,24.7833,81.7833,23.19,47,98,2.2,IN,1701663531
362,buka,40.8108,69.1986,11.5,40,38,0.43,UZ,1701663531
363,cill airne,52.05,-9.5167,0.22,96,63,3.06,IE,1701663531
364,cariati,39.4922,16.9594,11.58,77,67,6.22,IT,1701663532
365,mineiros,-17.5694,-52.5511,21.32,86,87,1.59,BR,1701663473
366,la passe,45.5549,-0.8967,6.13,82,97,10.47,FR,1701663532
367,el granada,37.5027,-122.4694,14.96,90,100,0.0,US,1701663532
368,geraldton,-28.7667,114.6,28.23,51,0,8.23,AU,1701663532
369,sao caetano de odivelas,-0.75,-48.02,24.84,93,55,2.11,BR,1701663532
370,pacasmayo,-7.4006,-79.5714,20.12,85,84,4.79,PE,1701663532
371,lethem,3.3803,-59.7968,27.3,61,9,4.75,GY,1701663532
372,sinabang,2.4803,96.3801,28.36,73,100,1.4,ID,1701663533
373,nova vicosa,-17.8919,-39.3719,24.82,86,5,4.63,BR,1701663533
374,shixing,24.9482,114.0657,11.03,97,100,1.15,CN,1701663533
375,padangsidempuan,1.3667,99.2667,25.08,88,100,1.0,ID,1701663409
376,cestos city,5.46,-9.5828,26.44,83,33,2.41,LR,1701663533
377,deschutes river woods,43.9915,-121.3584,9.67,87,75,7.72,US,1701663533
378,minas de marcona,-15.2119,-75.1103,14.04,84,67,4.78,PE,1701663272
379,general villegas,-35.0328,-63.0125,12.27,60,51,2.06,AR,1701663533
380,slavgorod,52.9978,78.6449,-9.96,78,100,8.66,RU,1701663534
381,plouzane,48.3833,-4.6167,11.18,90,100,4.63,FR,1701663534
382,eastham,41.8301,-69.9739,9.01,96,100,5.14,US,1701663469
383,cockburn town,21.4612,-71.1419,26.31,69,9,6.66,TC,1701663314
384,juegang,32.3174,121.1855,13.47,47,85,1.87,CN,1701663534
385,namibe,-15.1961,12.1522,22.46,89,100,1.5,AO,1701663534
386,paphos,34.7667,32.4167,12.88,76,20,3.6,CY,1701663534
387,paracatu,-17.2222,-46.8747,19.82,92,100,0.83,BR,1701663535
388,bandarbeyla,9.4942,50.8122,25.2,69,72,8.42,SO,1701663535
389,ouesso,1.6136,16.0517,22.02,98,98,0.96,CG,1701663535
390,ifanadiana,-21.3,47.6333,20.45,70,56,0.09,MG,1701663535
391,puerto santa,-8.9906,-78.6456,19.12,89,94,3.33,PE,1701663535
392,masterton,-40.9597,175.6575,16.05,95,100,1.56,NZ,1701663535
393,harstad,68.799,16.5293,-2.69,79,95,2.85,NO,1701663535
394,lorengau,-2.0226,147.2712,29.96,66,58,1.32,PG,1701663535
395,badarpur,24.9,92.6,25.51,58,100,1.18,IN,1701663536
396,ocean city,39.2776,-74.5746,11.17,94,99,0.89,US,1701663536
397,krotovka,53.2858,51.1686,1.75,100,100,5.69,RU,1701663536
398,santo antonio,-6.3106,-35.4789,24.42,91,100,1.79,BR,1701663247
399,lesosibirsk,58.2358,92.4828,-6.95,91,100,5.8,RU,1701663536
400,kitimat,54.0524,-128.6534,4.27,64,100,1.79,CA,1701663536
401,baise city,23.8997,106.6133,19.63,99,100,0.5,CN,1701663341
402,viedma,-40.8135,-62.9967,8.19,57,0,4.02,AR,1701663536
403,tolanaro,-25.0319,46.9987,23.28,69,0,5.06,MG,1701663537
404,puerto baquerizo moreno,-0.9,-89.6,23.56,82,87,4.13,EC,1701663537
405,egletons,45.4034,2.0507,4.4,88,100,4.29,FR,1701663537
406,alice springs,-23.7,133.8833,37.75,14,0,2.57,AU,1701663313
407,saint-paul,-21.0096,55.2707,27.05,74,18,2.78,RE,1701663537
408,brokopondo,4.75,-55.1667,24.61,89,23,3.76,SR,1701663537
409,mana,5.6592,-53.7767,25.86,91,34,4.36,GF,1701663537
410,grants,35.1473,-107.8514,-1.87,80,0,2.57,US,1701663538
411,tocopilla,-22.092,-70.1979,19.18,76,32,1.75,CL,1701663538
412,ylojarvi,61.5563,23.5961,-13.36,90,40,1.03,FI,1701663538
413,kununurra,-15.7667,128.7333,40.99,31,72,3.6,AU,1701663538
414,san patricio,28.017,-97.5169,17.92,43,100,3.07,US,1701663538
415,iskateley,67.6803,53.1512,-16.04,95,95,5.12,RU,1701663538
416,tapes,-30.6733,-51.3958,19.76,89,100,7.11,BR,1701663539
417,talara,-4.5772,-81.2719,20.7,87,66,5.44,PE,1701663539
418,hlobyne,49.3878,33.2596,-2.16,73,90,4.96,UA,1701663539
419,severo-yeniseyskiy,60.3725,93.0408,-20.24,97,100,4.92,RU,1701663539
420,pitimbu,-7.4706,-34.8086,26.33,85,64,3.77,BR,1701663539
421,allonnes,47.9674,0.1581,5.02,93,100,4.63,FR,1701663539
422,nizhniy odes,63.6445,54.856,-14.55,96,100,2.32,RU,1701663539
423,utrik,11.2278,169.8474,27.31,73,99,8.96,MH,1701663539
424,kilgore,32.3863,-94.8758,13.25,71,0,3.6,US,1701663363
425,tsiombe,-25.3,45.4833,23.72,61,1,6.79,MG,1701663540
426,stettler,52.3168,-112.7186,-2.14,100,100,1.54,CA,1701663540
427,nova sintra,14.8667,-24.7167,22.68,77,94,5.47,CV,1701663540
428,placer,39.0666,-120.7677,7.5,90,100,1.35,US,1701663540
429,monkey bay,-14.0728,34.9201,24.15,59,0,5.85,MW,1701663540
430,valparaiso,-33.0393,-71.6273,10.8,66,0,1.54,CL,1701663490
431,salinopolis,-0.6136,-47.3561,26.41,86,90,4.37,BR,1701663540
432,majene,-3.5403,118.9707,28.88,73,83,2.46,ID,1701663541
433,vorkuta,67.5,64.0,-27.48,95,92,2.13,RU,1701663541
434,forest grove,45.5198,-123.1107,13.95,85,100,1.54,US,1701663541
435,ketchikan,55.3422,-131.6461,7.99,93,100,3.09,US,1701663541
436,youkounkoun,12.5333,-13.1333,22.15,42,99,1.58,GN,1701663541
437,irtyshsk,53.3333,75.4572,-12.13,78,100,7.29,KZ,1701663542
438,vila franca do campo,37.7167,-25.4333,13.23,67,100,3.0,PT,1701663542
439,maraba,-5.3686,-49.1178,28.1,78,75,1.54,BR,1701663542
440,nuku'alofa,-21.1333,-175.2,29.19,74,40,5.66,TO,1701663542
441,galliano,29.4422,-90.2992,16.67,94,100,0.0,US,1701663542
442,berea,41.3662,-81.8543,5.15,88,100,5.14,US,1701663368
443,acarau,-2.8856,-40.12,25.83,79,85,3.47,BR,1701663543
444,northam,51.0333,-4.2167,10.37,97,61,9.54,GB,1701663543
445,tobelo,1.7284,128.0095,29.0,75,64,0.65,ID,1701663543
446,tadine,-21.55,167.8833,26.18,64,30,2.5,NC,1701663543
447,mil'kovo,55.6078,37.7956,-7.73,94,86,5.1,RU,1701663543
448,pelagiada,45.2064,42.0236,10.75,57,0,4.0,RU,1701663544
449,portland,45.5234,-122.6762,14.49,95,100,2.57,US,1701663110
450,ponta delgada,37.7333,-25.6667,13.4,58,20,2.57,PT,1701663544
451,daulatpur,26.5015,67.9706,22.33,30,0,1.21,PK,1701663544
452,huarmey,-10.0681,-78.1522,20.16,86,100,3.72,PE,1701663544
453,kirkkonummi,60.1238,24.4385,-9.56,95,88,2.69,FI,1701663545
454,cam ranh,11.9214,109.1591,24.98,100,40,4.63,VN,1701663545
455,lander,42.833,-108.7307,6.33,68,0,2.57,US,1701663545
456,kurumkan,54.3,110.3,-10.49,87,100,1.34,RU,1701663545
457,rauma,61.1272,21.5113,-16.98,96,91,1.89,FI,1701663545
458,vilyuysk,63.7553,121.6247,-43.22,99,82,0.49,RU,1701663545
459,argostolion,38.1811,20.489,14.86,75,81,6.41,GR,1701663546
460,matamata,-37.8106,175.7624,20.46,86,98,1.14,NZ,1701663546
461,qarazhal,48.0078,70.7903,-3.34,74,91,2.17,KZ,1701663546
462,palma sola,-23.9634,-64.2987,17.11,84,100,2.17,AR,1701663546
463,leava,-14.3,-178.1667,28.52,78,92,7.12,WF,1701663546
464,kalemie,-5.9475,29.1947,20.32,95,100,2.51,CD,1701663546
465,iquique,-20.2208,-70.1431,20.02,75,50,0.39,CL,1701663547
466,ar raqqah,35.95,39.0167,12.84,62,100,4.21,SY,1701663547
467,chumphon,10.3333,98.8333,23.75,91,100,2.87,TH,1701663547
468,chudniv,50.052,28.1175,-4.3,93,92,4.81,UA,1701663547
469,nemencine,54.85,25.4833,-2.71,96,100,4.47,LT,1701663547
470,ewo,-0.8725,14.8206,21.64,90,94,1.11,CG,1701663547
471,moapa valley,36.5805,-114.4703,11.34,46,73,1.08,US,1701663548
472,kavalerovo,44.2661,135.0572,4.75,45,4,0.45,RU,1701663548
473,merizo village,13.2658,144.6691,31.31,82,47,8.39,GU,1701663548
474,saint-germain-du-puy,47.1,2.4833,5.15,65,75,4.63,FR,1701663548
475,divnomorskoye,44.5011,38.1353,12.88,89,98,1.85,RU,1701663548
476,parham,17.0968,-61.7705,25.83,98,40,3.09,AG,1701663548
477,east london,-33.0153,27.9116,18.52,82,100,2.06,ZA,1701663549
478,jumla,29.2747,82.1838,4.55,83,100,0.93,NP,1701663549
479,maba,24.6841,113.5984,12.77,36,100,1.11,CN,1701663549
480,dryden,49.7833,-92.7503,-0.84,93,100,4.12,CA,1701663549
481,zouerate,22.7187,-12.4521,18.49,53,8,3.52,MR,1701663549
482,palmeira das missoes,-27.8994,-53.3136,19.38,97,100,6.09,BR,1701663497
483,ghansor,22.65,79.95,22.28,59,100,1.85,IN,1701663535
484,lawas,13.764,121.0566,28.88,67,48,5.6,PH,1701663550
485,shalkar,47.8288,59.6258,3.79,66,100,5.0,KZ,1701663550
486,midvagur,62.0511,-7.1939,0.46,80,20,1.03,FO,1701663550
487,kem',64.9555,34.5793,-12.56,96,98,1.8,RU,1701663551
488,llanes,43.4198,-4.7549,12.64,70,52,4.5,ES,1701663551
489,katabu,-4.9333,122.5167,34.22,46,96,1.08,ID,1701663551
490,whitefish,48.4111,-114.3376,1.86,88,75,4.12,US,1701663551
491,markovo,57.3206,107.0881,-5.54,94,100,3.73,RU,1701663551
492,estevan,49.1334,-102.9842,-6.81,85,0,2.57,CA,1701663551
493,solnechnyy,50.7214,136.6319,-12.76,81,100,1.7,RU,1701663551
494,ad dilam,23.9915,47.1627,17.23,33,100,2.2,SA,1701663552
495,rikaze,29.25,88.8833,1.86,21,43,0.78,CN,1701663552
496,lospalos,-8.5186,127.0025,31.85,51,51,5.17,TL,1701663552
497,konarka,19.9,86.1167,26.22,65,100,3.94,IN,1701663552
498,nuuk,64.1835,-51.7216,-0.66,69,100,1.54,GL,1701663326
499,sao domingos do maranhao,-5.5758,-44.3853,21.99,96,51,1.23,BR,1701663552
500,brisas de zicatela,15.8369,-97.0419,26.58,78,23,2.46,MX,1701663553
501,brookings,44.3114,-96.7984,-2.12,86,100,2.57,US,1701663553
502,latina,41.45,13.1,10.08,79,27,1.79,IT,1701663553
503,tremonton,41.7119,-112.1655,5.93,87,100,4.12,US,1701663553
504,vengerovo,55.6848,76.7471,-20.46,88,13,4.95,RU,1701663553
505,kambove,-10.8764,26.5969,15.93,96,98,0.56,CD,1701663554
506,mandera,3.9366,41.867,25.92,51,45,4.32,KE,1701663554
507,adrar,20.5022,-10.0711,18.26,39,0,3.66,MR,1701663554
508,coruripe,-10.1256,-36.1756,25.39,90,47,5.07,BR,1701663554
509,gejiu,23.306,103.1635,13.66,77,99,1.86,CN,1701663554
510,chonchi,-42.6128,-73.8092,8.56,99,10,1.72,CL,1701663554
511,boguchany,58.3814,97.4531,0.48,93,100,5.36,RU,1701663555
512,al majaridah,19.1236,41.9111,23.44,37,0,3.33,SA,1701663555
513,las heras,-46.5419,-68.9359,10.61,51,87,6.78,AR,1701663555
514,zvezdnyy,57.7325,56.3147,-7.67,95,100,4.26,RU,1701663555
515,north bay,46.3168,-79.4663,-3.83,84,100,4.12,CA,1701663555
516,mount isa,-20.7333,139.5,40.87,13,0,7.2,AU,1701663556
517,huangmei,30.1924,116.025,14.59,30,100,2.66,CN,1701663556
518,robbah,33.2797,6.9098,6.8,65,29,2.33,DZ,1701663556
519,mitu,1.1983,-70.1733,22.31,97,51,0.26,CO,1701663471
520,neustadt am rubenberge,52.5046,9.4587,0.24,90,100,4.63,DE,1701663556
521,monroeville,40.4212,-79.7881,7.99,70,83,2.68,US,1701663557
522,izazi,-7.2,35.7333,23.33,75,94,0.66,TZ,1701663557
523,al bukayriyah,26.1442,43.6593,12.87,45,74,3.4,SA,1701663557
524,ciudad melchor muzquiz,27.8833,-101.5167,14.53,43,0,1.2,MX,1701663557
525,mar del plata,-38.0023,-57.5575,12.75,71,0,2.68,AR,1701663423
526,turpan,42.9333,89.1667,5.67,31,16,0.38,CN,1701663557
527,gamba,-2.65,10.0,23.68,92,80,1.24,GA,1701663557
528,mendi,-6.1761,143.6513,16.8,95,98,1.29,PG,1701663558
529,balikpapan,-1.2675,116.8289,27.55,83,20,1.03,ID,1701663558
530,san jose de jachal,-30.2406,-68.7469,15.18,23,0,1.29,AR,1701663558
531,kulhudhuffushi,6.6221,73.07,28.66,74,50,3.71,MV,1701663558
532,jinchang,38.4953,102.1739,7.97,18,1,1.69,CN,1701663558
533,castillos,-34.1667,-53.8333,16.02,48,100,5.75,UY,1701663559
534,bel ombre,-4.6167,55.4167,29.91,66,20,3.6,SC,1701663559
535,gryazi,52.4966,39.9359,-6.57,90,100,6.71,RU,1701663518
536,terrace heights,46.6062,-120.4398,3.79,95,100,0.45,US,1701663559
537,beloyarskiy,63.7119,66.6722,-33.89,100,59,0.89,RU,1701663559
538,howard springs,-12.497,131.047,34.37,70,96,3.16,AU,1701663560
539,puerto carreno,6.189,-67.4859,27.12,66,49,2.13,CO,1701663480
540,athens,37.9795,23.7162,16.88,92,20,1.34,GR,1701663312
541,peace river,56.2501,-117.286,-3.83,93,100,3.6,CA,1701663560
542,tutoia,-2.7619,-42.2744,26.58,79,94,3.85,BR,1701663514
543,smithers,54.7804,-127.1743,2.18,87,100,4.63,CA,1701663560
544,ouadda,8.0777,22.4007,20.67,47,99,0.31,CF,1701663560
545,yarmouth,41.7057,-70.2286,9.03,95,100,5.14,US,1701663561
546,merritt,50.1123,-120.7942,1.18,94,79,1.88,CA,1701663561
547,akankpa,5.1264,8.1898,23.52,97,56,0.63,NG,1701663561
548,la sarre,48.8002,-79.1996,-11.48,92,100,3.51,CA,1701663561
549,amasra,41.7463,32.3863,8.03,89,100,1.76,TR,1701663561
550,vanimo,-2.6741,141.3028,29.18,74,91,2.28,PG,1701663561
551,tindouf,27.6711,-8.1474,15.35,49,2,4.01,DZ,1701663561
552,rantauprapat,2.1,99.8333,27.02,83,100,0.36,ID,1701663562
553,kodinsk,58.6881,99.1844,-1.42,86,100,4.14,RU,1701663562
554,idfu,24.9803,32.8747,19.98,46,44,1.79,EG,1701663562
555,muisne,0.6,-80.0333,25.08,86,96,3.13,EC,1701663562
556,tynda,55.1667,124.7167,-17.33,88,98,0.14,RU,1701663562
557,yaren,-0.5472,166.916,26.91,83,92,2.82,NR,1701663562
558,machiques,10.0644,-72.545,24.45,75,86,2.6,VE,1701663563
559,puerto quijarro,-17.7833,-57.7667,26.21,69,53,1.02,BO,1701663563
560,cedar park,30.5052,-97.8203,16.97,50,0,4.63,US,1701663563
561,makoua,0.0069,15.6333,21.63,97,100,1.17,CG,1701663563
562,caconda,-13.7333,15.0667,15.47,96,100,1.36,AO,1701663563
563,bamboo flat,11.7,92.7167,29.05,84,75,3.6,IN,1701663563
564,heinola,61.2056,26.0381,-13.33,99,92,1.28,FI,1701663564
565,safi,32.1667,-8.8333,12.91,51,65,1.37,MA,1701663564
566,crucecita,-28.95,-58.9833,17.41,97,96,4.86,AR,1701663564
567,bardsir,29.9227,56.5743,8.34,31,3,1.33,IR,1701663564
568,hotan,37.0997,79.9269,7.72,23,8,0.98,CN,1701663565
569,olyokminsk,60.3736,120.4264,-28.47,92,87,1.59,RU,1701663565
570,saguenay,48.4168,-71.0657,-4.95,78,100,5.66,CA,1701663565
571,berber,18.0216,33.983,21.96,71,20,3.38,SD,1701663565
572,fort william,56.8165,-5.1121,1.84,89,71,2.77,GB,1701663565
573,vizianagaram,18.1167,83.4167,22.73,64,100,3.71,IN,1701663565
574,san sebastian de la gomera,28.0916,-17.1133,20.21,82,75,0.0,ES,1701663566
575,aral,40.5156,81.2636,3.94,33,2,3.65,CN,1701663566
576,ghat,24.9647,10.1728,14.07,21,0,3.19,LY,1701663566
577,ta`u,-14.2336,-169.5144,27.07,81,0,8.43,AS,1701663566
578,timimoun,29.2639,0.231,8.21,34,0,4.12,DZ,1701663566
579,piensk,51.249,15.0469,-5.25,94,51,2.95,PL,1701663567
580,dimitrovgrad,54.2139,49.6184,1.51,100,100,5.98,RU,1701663567
581,chibougamau,49.9168,-74.3659,-12.21,79,40,4.63,CA,1701663443
582,itapuranga,-15.5622,-49.9486,20.08,98,38,1.99,BR,1701663567
583,kenai,60.5544,-151.2583,-4.92,82,0,2.06,US,1701663567
584,pirapozinho,-22.2753,-51.5,23.71,100,0,2.06,BR,1701663567
585,la paz,-16.5,-68.15,9.76,87,75,3.09,BO,1701663567
586,tahe,52.3333,124.7333,-9.98,65,7,1.41,CN,1701663567
